JAVA,SPRINGBOOT,REACT
JAVA,SPRINGBOOT,REACT
JAVASCRIPT,SPRINGBOOT,REACT
JAVASCRIPT,NEST JS,REACT
JAVA,SPRINGBOOT,REACT
TYPESCRIPT,EXPRESS JS,REACT
JAVASCRIPT,DJANGO,ANGULAR
JAVASCRIPT,EXPRESS JS,REACT
JAVASCRIPT,EXPRESS JS,REACT
PYTHON,DJANGO,REACT
PYTHON,DJANGO,ANGULAR
JAVA,DJANGO,REACT
JAVASCRIPT,NEST JS,REACT
JAVA,SPRINGBOOT,NEXT
JAVASCRIPT,SPRINGBOOT,REACT
JAVASCRIPT,EXPRESS JS,REACT
PYTHON,DJANGO,REACT
JAVA,SPRINGBOOT,ANGULAR
JAVASCRIPT,EXPRESS JS,REACT
JAVA,SPRINGBOOT,REACT
JAVA,SPRINGBOOT,REACT
JAVASCRIPT,DJANGO,ANGULAR
TYPESCRIPT,EXPRESS JS,REACT
JAVA,SPRINGBOOT,REACT
JAVA,SPRINGBOOT,REACT
JAVA,SPRINGBOOT,REACT
JAVA,SPRINGBOOT,REACT
JAVASCRIPT,EXPRESS JS,REACT
JAVA,SPRINGBOOT,REACT
JAVA,SPRINGBOOT,REACT
JAVASCRIPT,EXPRESS JS,REACT
JAVASCRIPT,EXPRESS JS,REACT
JAVA,SPRINGBOOT,REACT
JAVA,SPRINGBOOT,ANGULAR
C#,ASP NET,NEXT
JAVASCRIPT,EXPRESS JS,REACT
JAVASCRIPT,EXPRESS JS,REACT
JAVASCRIPT,EXPRESS JS,REACT
JAVASCRIPT,LARAVEL,VUE
JAVASCRIPT,EXPRESS JS,REACT
JAVASCRIPT,EXPRESS JS,REACT
PYTHON,DJANGO,ANGULAR
JAVASCRIPT,SPRINGBOOT,REACT
JAVA,SPRINGBOOT,ANGULAR
PYTHON,DJANGO,VUE
JAVA,SPRINGBOOT,REACT
JAVASCRIPT,SPRINGBOOT,REACT
